{
  "Players": [
    {
      "Name": "West Wood",
      "Health": "There are trees surrounding you",
      "Score": 150,
      "Inventory": [
        "West Wood",
        "Roof"
      ],
      "EquippedItems": {
        "RightHand": "Roof",
        "Head": "West Wood",
        "LeftHand": "Roof"
      }
    },
    {
      "Name": "Kitchen",
      "Health": "The stove is hot and there are bowls on the floor",
      "Score": 25,
      "Inventory": [
        "West Wood",
        "Roof"
      ],
      "EquippedItems": {
        "Head": "Roof"
      }
    },
    {
      "Name": "Roof",
      "Health": "You see a way in through a skylight",
      "Score": 75,
      "Inventory": [
        "West Wood",
        "Roof"
      ],
      "EquippedItems": {}
    }
  ],
  "Items": [
    {
      "Name": "West Wood",
      "Weight": 0
    },
    {
      "Name": "Kitch",
      "Weight": 0
    },
    {
      "Name": "Roof",
      "Weight": 0
    }
  ],
  "Messages": [
    {
      "Name": "Welcome to Zork"
    }
  ]
}